Job Title,Date Posted,Location,Department,Language Req,Direct Link,Status,DeleteCounter
"Intern, Software Development (all genders)",N/A,N/A,N/A,Not specified,https://careers.teamviewer.com/jobs/7097785-intern-software-development-all-genders,Active,0
"Frontline Solution Engineering Internship (Part-time/Onsite - Clearwater, FL)",N/A,N/A,N/A,English,https://careers.teamviewer.com/jobs/7127156-frontline-solution-engineering-internship-part-time-onsite-clearwater-fl,Active,0
"Work Student, Compensation & Benefits (all genders)",N/A,N/A,N/A,"English, German",https://careers.teamviewer.com/jobs/7649524-work-student-compensation-benefits-all-genders,Active,0
"Intern, Sustainability Management (all genders)",N/A,N/A,N/A,"English, German",https://careers.teamviewer.com/jobs/7161978-intern-sustainability-management-all-genders,Active,0
"Intern, Software Engineering (all genders)",N/A,N/A,N/A,Not specified,https://careers.teamviewer.com/jobs/7656717-intern-software-engineering-all-genders,Active,0
"Work Student/Intern, Inside Sales (Polish speaker) (all genders)",N/A,N/A,N/A,Not specified,https://careers.teamviewer.com/jobs/7255841-work-student-intern-inside-sales-polish-speaker-all-genders,Active,0
"Intern/Work Student/Rechtsreferendar, Legal (all genders)",N/A,N/A,N/A,Not specified,https://careers.teamviewer.com/jobs/7781386-intern-work-student-rechtsreferendar-legal-all-genders,Active,0
"Intern, Retention (all genders)",N/A,N/A,N/A,Not specified,https://careers.teamviewer.com/jobs/7092018-intern-retention-all-genders,Active,0
"Intern, Software Development",N/A,N/A,N/A,English,https://careers.teamviewer.com/jobs/7814735-intern-software-development,Active,0
"Work Student, Jira & Confluence Analyst (all genders)",N/A,N/A,N/A,Not specified,https://careers.teamviewer.com/jobs/7742681-work-student-jira-confluence-analyst-all-genders,Active,0
"Intern, Sales Operations (all genders)",N/A,N/A,N/A,English,https://careers.teamviewer.com/jobs/7823732-intern-sales-operations-all-genders,Active,0
"Intern, Sales Steering and Enablement (all genders)",N/A,N/A,N/A,English,https://careers.teamviewer.com/jobs/7189366-intern-sales-steering-and-enablement-all-genders,Active,0
"Student, Product Security (all genders)",N/A,N/A,N/A,Not specified,https://careers.teamviewer.com/jobs/7581261-student-product-security-all-genders,Active,0
"Work Student, Video Production (all genders)",N/A,N/A,N/A,English,https://careers.teamviewer.com/jobs/7706004-work-student-video-production-all-genders,Active,0
"Intern, UX Research & Design (all genders)",N/A,N/A,N/A,English,https://careers.teamviewer.com/jobs/7561282-intern-ux-research-design-all-genders,Active,0
"Intern, Inside Sales (French speaker) (all genders)",N/A,N/A,N/A,Not specified,https://careers.teamviewer.com/jobs/7721691-intern-inside-sales-french-speaker-all-genders,Active,0
